Player Name,Player ID
Joel Embiid,embiijo01
LeBron James,jamesle01
Giannis Antetokounmpo,antetgi01
Kevin Durant,duranke01
Luka Doncic,doncilu01
Trae Young,youngtr01
DeMar DeRozan,derozde01
Kyrie Irving,irvinky01
Ja Morant,moranja01
Nikola Jokic,jokicni01
Jayson Tatum,tatumja01
Devin Booker,bookede01
Donovan Mitchell,mitchdo01
Stephen Curry,curryst01
Karl-Anthony Towns,townska01
Shai Gilgeous-Alexander,gilgesh01
Zach LaVine,lavinza01
Paul George,georgpa01
Damian Lillard,lillada01
Jaylen Brown,brownja02
Bradley Beal,bealbr01
Anthony Davis,davisan02
De'Aaron Fox,foxde01
Pascal Siakam,siakapa01
Brandon Ingram,ingrabr01
CJ McCollum,mccolcj01
James Harden,hardeja01
Darius Garland,garlada01
Jimmy Butler,butleji01
Anthony Edwards,edwaran01
Dejounte Murray,murrade01
Tyler Herro,herroty01
Klay Thompson,thompkl01
Fred VanVleet,vanvlfr01
Kristaps Porzingis,porzikr01
Miles Bridges,bridgmi02
LaMelo Ball,ballla01
Khris Middleton,middlkh01
Julius Randle,randlju01
RJ Barrett,barrerj01
Terry Rozier,roziete01
Jerami Grant,grantje01
Bam Adebayo,adebaba01
Malcolm Brogdon,brogdma01
Norman Powell,powelno01
Domantas Sabonis,sabondo01
Jordan Poole,poolejo01
Russell Westbrook,westbru01
Dillon Brooks,brookdi01
Jrue Holiday,holidjr01
Gary Trent Jr.,trentga02
Desmond Bane,banede01
Bojan Bogdanovic,bogdabo02
D'Angelo Russell,russeda01
Christian Wood,woodch01
Jonas Valanciunas,valanjo01
Nikola Vucevic,vucevni01
Tyrese Maxey,maxeyty01
Cade Cunningham,cunnica01
Jalen Green,greenja05
Anfernee Simons,simonan01
Deandre Ayton,aytonde01
Luguentz Dort,dortlu01
Tobias Harris,harrito02
Andrew Wiggins,wiggian01
OG Anunoby,anunoog01
Kyle Kuzma,kuzmaky01
Caris LeVert,leverca01
Keldon Johnson,johnske04
Reggie Jackson,jacksre01
Harrison Barnes,barneha02
Cole Anthony,anthoco01
Jalen Brunson,brunsja01
Jaren Jackson Jr.,jacksja02
John Collins,collijo01
Jarrett Allen,allenja01
Saddiq Bey,beysa01
Jordan Clarkson,clarkjo01
Collin Sexton,sextoco01
Gordon Hayward,haywago01
Buddy Hield,hieldbu01
Rudy Gobert,goberru01
Kevin Porter Jr.,porteke02
Marcus Morris,morrima03
Tyrese Haliburton,halibty01
Scottie Barnes,barnesc01
Franz Wagner,wagnefr01
Bogdan Bogdanovic,bogdabo01
Wendell Carter Jr.,cartewe01
Seth Curry,curryse01
Aaron Gordon,gordoaa01
Evan Mobley,mobleev01
Jusuf Nurkic,nurkiju01
Kelly Oubre Jr.,oubreke01
Josh Hart,hartjo01
Lauri Markkanen,markkla01
Will Barton,bartowi01
Jaylen Hoard,hoardja01
Chris Paul,paulch01
Bobby Portis,portibo01
Mikal Bridges,bridgmi01
Tim Hardaway Jr.,hardati02
Evan Fournier,fournev01
Malik Monk,monkma01
Spencer Dinwiddie,dinwisp01
Mike Conley,conlemi01
Kevin Love,loveke01
Dennis Schroder,schrode01
Jakob Poeltl,poeltja01
Eric Gordon,gordoer01
De'Andre Hunter,huntede01
Kyle Lowry,lowryky01
Carmelo Anthony,anthoca01
Derrick White,whitede01
Kentavious Caldwell-Pope,caldwke01
Montrezl Harrell,harremo01
Chris Duarte,duartch01
Ricky Rubio,rubiori01
Lonzo Ball,balllo01
LaMarcus Aldridge,aldrila01
Myles Turner,turnemy01
Brandon Williams,willibr03
Coby White,whiteco01
Monte Morris,morrimo01
Josh Giddey,giddejo01
Cameron Johnson,johnsca02
Brook Lopez,lopezbr01
Victor Oladipo,oladivi01
Devin Vassell,vassede01
Malik Beasley,beaslma01
Kevin Huerter,huertke01
Marcus Smart,smartma01
Lonnie Walker IV,walkelo01
Derrick Rose,rosede01
Devonte' Graham,grahade01
Luke Kennard,kennalu01
Jalen Suggs,suggsja01
Jae'Sean Tate,tateja01
Alec Burks,burksal01
Danilo Gallinari,gallida01
Kemba Walker,walkeke02
Davion Mitchell,mitchda01
Cameron Oliver,oliveca01
Patty Mills,millspa02
Marvin Bagley III,baglema01
Rui Hachimura,hachiru01
Joe Harris,harrijo01
Doug McDermott,mcderdo01
Immanuel Quickley,quickim01
Grayson Allen,allengr01
Clint Capela,capelca01
Gary Harris,harriga01
Hamidou Diallo,diallha01
Dorian Finney-Smith,finnedo01
Zavier Simpson,simpsza01
Duncan Robinson,robindu01
Darius Bazley,bazleda01
Markelle Fultz,fultzma01
Terance Mann,mannte01
De'Anthony Melton,meltode01
Cameron Payne,payneca01
Melvin Frazier,frazime01
Cedi Osman,osmande01
Nickeil Alexander-Walker,alexani01
Mo Bamba,bambamo01
Frank Jackson,jacksfr01
Frank Kaminsky,kaminfr01
Max Strus,strusma01
Trey Lyles,lylestr01
Brandon Clarke,clarkbr01
Terence Davis,daviste02
Richaun Holmes,holmeri01
Tre Mann,manntr01
Jeff Green,greenje02
P.J. Washington,washipj01
Ivica Zubac,zubaciv01
Josh Richardson,richajo01
Al Horford,horfoal01
Ben McLemore,mclembe01
Cam Reddish,reddica01
Justin Holiday,holidju01
Bones Hyland,hylanbo01
Isaiah Roby,robyis01
Devin Cannady,cannade01
Talen Horton-Tucker,hortota01
Garrison Mathews,mathega01
Terrence Ross,rosste01
Robert Williams,williro04
Eric Bledsoe,bledser01
Pat Connaughton,connapa01
Michael Porter Jr.,portemi01
Duane Washington Jr.,washidu02
Nassir Little,littlna01
Alperen Sengun,sengual01
Terry Taylor,taylote01
Herbert Jones,joneshe01
Chris Boucher,bouchch01
Jae Crowder,crowdja01
Daniel Gafford,gaffoda01
Jaxson Hayes,hayesja02
Jonathan Kuminga,kuminjo01
Jalen Smith,smithja04
Reggie Perry,perryre01
Patrick Beverley,beverpa01
Caleb Martin,martica02
Jaden McDaniels,mcdanja02
JaVale McGee,mcgeeja01
Georges Niang,niangge01
Precious Achiuwa,achiupr01
Oshae Brissett,brissos01
Willy Hernangomez,hernawi01
Kelly Olynyk,olynyke01
Donte DiVincenzo,divindo01
DeMarcus Cousins,couside01
Bruce Brown,brownbr01
Amir Coffey,coffeam01
Obi Toppin,toppiob01
Moritz Wagner,wagnemo01
Patrick Williams,willipa01
Chimezie Metu,metuch01
Bryn Forbes,forbebr01
Ayo Dosunmu,dosunay01
KJ Martin,martike04
Isaac Okoro,okorois01
Nic Claxton,claxtni01
Tyus Jones,jonesty01
Dwight Powell,poweldw01
Gabe Vincent,vincega01
Reggie Bullock,bullore01
Chuma Okeke,okekech01
Robert Covington,covinro01
T.J. McConnell,mccontj01
Jaylen Nowell,nowelja01
Mitchell Robinson,robinmi01
Cam Thomas,thomaca02
Isaiah Thomas,thomais02
Deni Avdija,avdijde01
Lance Stephenson,stephla01
Nicolas Batum,batumni01
Isaiah Hartenstein,harteis01
Isaiah Jackson,jacksis01
Naz Reid,reidna01
Landry Shamet,shamela01
Isaiah Stewart,stewais01
Aaron Wiggins,wiggiaa01
Daniel Theis,theisda01
Corey Kispert,kispeco01
Shake Milton,miltosh01
Onyeka Okongwu,okongon01
Otto Porter Jr.,porteot01
Hassan Whiteside,whiteha01
Rudy Gay,gayru01
Damian Jones,jonesda03
Ziaire Williams,willizi02
Cory Joseph,josepco01
Mike Muscala,muscami01
Malik Newman,newmama01
Lindy Waters III,waterli01
Andre Drummond,drumman01
Josh Christopher,chrisjo01
Jordan Nwora,nworajo01
Zach Collins,colliza01
Grant Williams,willigr01
Drew Eubanks,eubandr01
Cody Martin,martico01
Kyle Anderson,anderky01
Kris Dunn,dunnkr01
R.J. Hampton,hamptrj01
Furkan Korkmaz,korkmfu01
Markieff Morris,morrima02
Aleksej Pokusevski,pokusal01
P.J. Tucker,tuckepj01
Trendon Watford,watfotr01
Goran Dragic,dragigo01
Draymond Green,greendr01
Raul Neto,netora01
Jeremiah Robinson-Earl,robinje02
D.J. Wilson,wilsodj01
Thomas Bryant,bryanth01
Alex Caruso,carusal01
Jared Harper,harpeja01
Damion Lee,leeda03
Royce O'Neale,onealro01
Kenrich Williams,willike04
Jeremy Lamb,lambje01
Wes Iwundu,iwundwe01
Taurean Prince,princta02
Austin Reaves,reaveau01
Keon Johnson,johnske07
Braxton Key,keybr01
Javonte Green,greenja02
Joe Ingles,inglejo01
Ty Jerome,jeromty01
Robin Lopez,lopezro01
Theo Maledon,maledth01
Gary Payton II,paytoga02
Larry Nance Jr.,nancela02
Goga Bitadze,bitadgo01
Sekou Doumbouya,doumbse01
Maxi Kleber,klebima01
Olivier Sarr,sarrol01
Steven Adams,adamsst01
Killian Hayes,hayeski01
Jarred Vanderbilt,vandeja01
Serge Ibaka,ibakase01
Mason Jones,jonesma05
Brandon Boston Jr.,bostobr01
Wayne Ellington,ellinwa01
Stanley Johnson,johnsst04
Georgios Kalaitzakis,kalaige01
Torrey Craig,craigto01
Zeke Nnaji,nnajize01
B.J. Johnson,johnsbj01
Mason Plumlee,plumlma01
Josh Jackson,jacksjo02
Justin Anderson,anderju01
Avery Bradley,bradlav01
JaMychal Green,greenja01
Blake Griffin,griffbl01
Brandon Knight,knighbr03
Isaiah Livers,liveris01
Ish Smith,smithis01
Aaron Holiday,holidaa01
Dewayne Dedmon,dedmode01
Hassani Gravett,graveha01
Derrick Walton,waltode01
Lou Williams,willilo02
Chaundee Brown Jr.,brownch05
Thaddeus Young,youngth01
George Hill,hillge01
Dwight Howard,howardw01
Vit Krejci,krejcvi01
Jalen McDaniels,mcdanja01
Payton Pritchard,pritcpa01
Day'Ron Sharpe,sharpda01
Jose Alvarado,alvarjo01
Nemanja Bjelica,bjeline01
Lamar Stevens,stevela01
Tristan Thompson,thomptr01
Quentin Grimes,grimequ01
Tre Jones,jonestr01
Alex Len,lenal01
Kevon Looney,looneke01
Austin Rivers,riverau01
Danuel House Jr.,houseda01
Kessler Edwards,edwarke02
Danny Green,greenda02
Kira Lewis Jr.,lewiski01
Bismack Biyombo,biyombi01
Carsen Edwards,edwarca01
CJ Elleby,ellebcj01
Luka Garza,garzalu01
Xavier Moon,moonxa01
Eric Paschall,pascher01
Joshua Primo,primojo01
Cassius Stanley,stanlca01
Justise Winslow,winslju01
Kelan Martin,martike03
Keita Bates-Diop,bateske01
Naji Marshall,marshna01
Matisse Thybulle,thybuma01
Davis Bertans,bertada01
Derrick Jones Jr.,jonesde02
Saben Lee,leesa01
Dennis Smith Jr.,smithde03
Keifer Sykes,sykeske01
James Johnson,johnsja01
Greg Monroe,monrogr01
Wenyen Gabriel,gabriwe01
PJ Dozier,doziepj01
Rodney McGruder,mcgruro01
Trey Murphy III,murphtr02
Armoni Brooks,brookar01
D.J. Augustin,augusdj01
Derrick Favors,favorde01
Dean Wade,wadede01
Omer Yurtseven,yurtsom01
Garrett Temple,templga01
Cody Zeller,zelleco01
DeAndre' Bembry,bembrde01
Trey Burke,burketr01
Facundo Campazzo,campafa01
Wesley Matthews,matthwe02
David Nwaba,nwabada01
Ignas Brazdeikis,brazdig01
Jock Landale,landajo01
Rajon Rondo,rondora01
Brandon Goodwin,goodwbr01
Josh Green,greenjo02
John Konchar,konchjo01
Xavier Tillman Sr.,tillmxa01
Udoka Azubuike,azubuud01
Greg Brown III,browngr01
David Duke Jr.,dukeda01
Cameron McGriff,mcgrica01
James Bouknight,bouknja01
Maurice Harkless,harklma01
Svi Mykhailiuk,mykhasv01
Romeo Langford,langfro01
Khem Birch,birchkh01
Marquese Chriss,chrisma01
Louis King,kinglo02
Taj Gibson,gibsota01
Timothe Luwawu-Cabarrot,luwawti01
Moses Moody,moodymo01
Jabari Parker,parkeja01
Davon Reed,reedda01
Delon Wright,wrighde01
Moses Brown,brownmo01
DeAndre Jordan,jordade01
Troy Brown Jr.,browntr01
Mamadi Diakite,diakima01
Malachi Flynn,flynnma01
Boban Marjanovic,marjabo01
Trevelin Queen,queentr01
Yuta Watanabe,watanyu01
Rayjon Tucker,tuckera01
Jevon Carter,carteje01
Sam Merrill,merrisa01
Lindell Wigginton,wiggili01
James Ennis III,ennisja01
Mychal Mulder,muldemy01
Santi Aldama,aldamsa01
Vlatko Cancar,cancavl01
Anthony Gill,gillan01
Markus Howard,howarma02
Frank Ntilikina,ntilila01
Juan Toscano-Anderson,toscaju01
Mac McClung,mccluma01
Trevor Ariza,arizatr01
Scotty Hopson,hopsosc01
Andre Iguodala,iguodan01
Micah Potter,pottemi01
Matt Thomas,thomama02
Gabe York,yorkga01
Didi Louzada,louzama01
Kyle Guy,guyky01
Malcolm Hill,hillma01
Jared Butler,butleja02
Sandro Mamukelashvili,mamuksa01
Jordan McLaughlin,mclaujo01
Aaron Nesmith,nesmiaa01
Jamorko Pickett,pickeja01
Admiral Schofield,schofad01
Cheick Diallo,diallch01
Enes Freedom,kanteen01
Nathan Knight,knighna01
KZ Okpala,okpalkz01
Brad Wanamaker,wanambr01
Tomas Satoransky,satorto01
Thanasis Antetokounmpo,antetth01
Isaiah Joe,joeis01
Tony Snell,snellto01
Elijah Hughes,hugheel01
Paul Millsap,millspa01
Jarrett Culver,culveja01
Gorgui Dieng,dienggo01
Alfonzo McKinnie,mckinal01
Kent Bazemore,bazemke01
Tyler Cook,cookty01
Nerlens Noel,noelne01
Paul Watson,watsopa01
Juancho Hernangomez,hernaju01
Semi Ojeleye,ojelese01
Tremont Waters,watertr01
Tim Frazier,fraziti01
Sterling Brown,brownst02
Trent Forrest,forretr01
Gabriel Lundberg,lundbga01
Killian Tillie,tilliki02
Dalano Banton,bantoda01
Daishen Nix,nixda01
Jahmi'us Ramsey,ramseja01
Justin Robinson,robinju01
Kevin Knox,knoxke01
Rodney Hood,hoodro01
Keljin Blevins,blevike01
Devontae Cacok,cacokde01
Paul Reed,reedpa01
Javonte Smart,smartja01
Paris Bass,basspa01
Charles Bassey,bassech01
Tony Bradley,bradlto01
Daniel Oturu,oturuda01
Elfrid Payton,paytoel01
Neemias Queta,quetane01
Nick Richards,richani01
Matt Ryan,ryanma01
Tre Scott,scotttr01
Bruno Fernando,fernabr01
Vernon Carey Jr.,careyve01
Skylar Mays,mayssk01
Denzel Valentine,valende01
Tyler Johnson,johnsty01
Aleem Ford,fordal03
Tyrone Wallace,wallaty01
Gary Clark,clarkga01
Josh Okogie,okogijo01
Jay Scrubb,scrubja01
Quinndary Weatherspoon,weathqu01
Chris Silva,silvach01
Gabriel Deck,deckga01
Devon Dotson,dotsode01
Juwan Morgan,morgaju01
Udonis Haslem,hasleud01
Sam Hauser,hausesa01
Theo Pinson,pinsoth01
Bol Bol,bolbo01
Jalen Johnson,johnsja05
Jake Layman,laymaja01
Abdel Nader,naderab01
Ish Wainright,wainris01
Nik Stauskas,stausni01
Justin Champagnie,champju01
Freddie Gillespie,gillefr01
Haywood Highsmith,highsha01
Miles McBride,mcbrimi01
Jericho Sims,simsje01
Dylan Windler,windldy01
Jeff Dowtin,dowtije01
Justin Jackson,jacksju01
Joe Wieskamp,wieskjo01
Langston Galloway,gallola01
Luke Kornet,kornelu01
Ahmad Caver,caverah01
Chris Chiozza,chiozch01
Damyean Dotson,dotsoda01
Usman Garuba,garubus01
Shaquille Harrison,harrish01
Joe Johnson,johnsjo02
Jemerrio Jones,jonesje01
Norvel Pelle,pelleno01
Craig Sword,swordcr01
JT Thor,thorjt01
Cassius Winston,winstca01
Marko Simonovic,simonma01
Alize Johnson,johnsal02
Eugene Omoruyi,omorueu01
Brodric Thomas,thomabr01
Willie Cauley-Stein,caulewi01
Wayne Selden,seldewa01
Isaiah Todd,toddis01
Ryan Arcidiacono,arcidry01
Kevin Pangos,pangoke01
Rob Edwards,edwarro01
Emmanuel Mudiay,mudiaem01
Malik Fitts,fittsma01
Charlie Brown Jr.,brownch02
Leandro Bolmaro,bolmale01
Moses Wright,wrighmo01
Darren Collison,collida01
Jordan Schakel,schakjo01
Myles Powell,powelmy01
Petr Cornelie,cornepe01
Tacko Fall,fallta01
Marcus Garrett,garrema01
RJ Nembhard Jr.,nembhrj01
Yves Pons,ponsyv01
Shaq Buchanan,buchash01
Kai Jones,joneska01
Dakota Mathias,mathida01
Deividas Sirvydis,sirvyde01
Jaden Springer,sprinja01
Tyrell Terry,terryty01
McKinley Wright IV,wrighmc01
Ed Davis,davised01
Carlik Jones,jonesca03
Isaac Bonga,bongais01
Jarron Cumberland,cumbeja01
Chandler Hutchison,hutchch01
DaQuan Jeffries,jeffrda01
Jaylen Morris,morrija01
Xavier Sneed,sneedxa01
Solomon Hill,hillso01
Robert Woodard II,woodaro01
Sharife Cooper,coopesh01
Scottie Lewis,lewissc01
Joel Ayayi,ayayijo01
Aaron Henry,henryaa01
George King,kingge03
Miye Oni,onimi01
Cat Barber,barbeca01
Jordan Bell,belljo01
Zylan Cheatham,cheatzy01
Sam Dekker,dekkesa01
Javin DeLaurier,delauja01
Jaime Echenique,echenja01
Jordan Goodwin,goodwjo01
Tyler Hall,hallty01
Nate Hinton,hintona01
Jay Huff,huffja01
Feron Hunt,huntfe01
DeJon Jarreau,jarrede01
David Johnson,johnsda08
Arnoldas Kulboka,kulboar01
Anthony Lamb,lamban01
JaQuori McLaughlin,mclauja01
C.J. Miles,milescj01
Matt Mooney,moonema01
Ade Murkey,murkead01
Jaysean Paige,paigeja01
Trayvon Palmer,palmetr01
Emanuel Terry,terryem01
Jon Teske,teskejo01
M.J. Walker,walkemj01
